id,target,id,links_cant,cant_failed_links
48,,,1,0
49,,,1,0
50,,,1,0
53,,,1,0
55,,,1,0
56,,,1,0
59,,,4,0
64,,,1,0
65,,,1,0
66,,,1,0
68,,,4,0
73,,,1,0
74,,,1,0
76,,,2,0
77,,,1,1
78,,,1,0
79,,,1,0
80,,,1,0
81,,,1,0
83,,,2,0
86,,,1,0
89,,,1,0
92,,,1,0
93,,,1,0
97,,,1,0
98,,,1,0
100,,,1,0
102,,,2,0
104,,,1,0
109,,,1,0
110,,,1,0
120,,,2,2
121,,,1,0
126,,,1,1
132,,,1,0
134,,,1,0
135,,,1,0
136,,,1,0
144,,,1,0
151,,,2,0
156,,,2,0
163,,,1,0
164,,,2,0
165,,,2,0
168,,,2,0
171,,,2,0
172,,,2,0
173,,,1,1
174,,,2,1
176,,,1,1
178,,,1,0
183,,,1,0
190,,,1,0
196,,,1,0
197,,,1,0
199,,,1,0
204,,,1,0
205,,,1,0
209,,,1,1
210,,,1,0
216,,,1,0
218,,,1,0
219,,,1,1
220,,,1,0
222,,,1,0
225,,,1,0
226,,,1,0
229,,,1,0
231,,,1,1
235,,,1,0
237,,,1,0
243,,,1,0
244,,,1,0
245,,,1,1
247,,,2,1
248,,,2,2
249,,,1,0
251,,,1,0
253,,,1,1
254,,,1,0
256,,,1,1
261,,,1,0
262,,,2,1
264,,,1,0
265,,,1,0
266,,,1,0
268,,,1,1
269,,,2,1
270,,,1,0
271,,,1,0
272,,,1,0
273,,,1,0
276,,,1,1
277,,,2,2
280,,,1,0
281,,,1,0
283,,,2,1
285,,,2,1
287,,,1,1
289,,,1,1
293,,,2,2
302,,,1,0
303,,,1,1
310,,,2,0
313,,,2,0
314,,,1,0
316,,,1,0
322,,,2,0
338,,,2,0
340,,,1,0
344,,,1,0
348,,,1,0
349,,,1,1
353,,,2,1
354,,,1,0
355,,,1,1
356,,,1,1
358,,,1,1
360,,,1,1
363,,,2,1
365,,,1,1
370,,,1,1
372,,,1,1
375,,,1,1
380,,,1,1
381,,,1,1
384,,,1,1
386,,,2,0
390,,,2,1
393,,,1,1
394,,,1,1
404,,,1,1
410,,,1,0
415,,,1,0
420,,,1,0
421,,,1,0
432,,,1,0
435,,,1,0
436,,,2,1
437,,,2,0
438,,,1,1
440,,,1,0
443,,,1,0
445,,,1,0
448,,,1,0
451,,,1,1
453,,,2,0
461,,,1,0
466,,,1,0
467,,,1,0
471,,,1,0
472,,,2,1
474,,,1,0
475,,,1,0
477,,,1,0
480,,,1,0
484,,,2,0
485,,,1,0
489,,,1,0
490,,,1,0
493,,,1,0
496,,,2,0
498,,,2,0
499,,,2,0
501,,,2,0
502,,,2,0
503,,,2,0
506,,,2,1
509,,,1,1
512,,,1,0
514,,,2,0
516,,,2,0
517,,,2,0
518,,,2,0
519,,,2,1
520,,,1,0
521,,,2,0
522,,,2,0
523,,,2,0
526,,,2,0
527,,,1,0
528,,,2,0
530,,,2,0
531,,,2,0
533,,,2,0
535,,,2,0
536,,,1,1
540,,,2,0
542,,,2,0
543,,,2,0
544,,,2,0
546,,,2,0
550,,,2,1
551,,,1,0
556,,,1,0
558,,,2,0
559,,,1,0
560,,,1,0
563,,,2,0
564,,,2,1
565,,,1,0
567,,,1,0
569,,,1,0
570,,,1,0
574,,,1,0
575,,,1,0
576,,,1,0
577,,,1,0
579,,,1,0
580,,,1,0
581,,,2,0
583,,,2,0
584,,,1,0
585,,,1,0
588,,,1,0
589,,,1,0
592,,,1,0
594,,,1,1
599,,,1,0
600,,,1,1
604,,,1,1
606,,,1,1
609,,,1,0
613,,,1,0
614,,,1,0
615,,,2,1
619,,,2,1
621,,,1,0
623,,,1,0
625,,,1,1
630,,,1,0
635,,,1,1
636,,,1,0
642,,,1,0
643,,,1,0
644,,,1,1
646,,,1,0
649,,,1,0
651,,,1,0
655,,,2,0
657,,,1,0
658,,,1,0
659,,,1,0
660,,,1,0
661,,,2,1
662,,,1,0
664,,,1,0
665,,,1,0
667,,,1,0
674,,,2,1
675,,,1,0
677,,,1,0
680,,,2,0
681,,,1,0
682,,,1,0
684,,,1,0
687,,,1,1
688,,,1,0
690,,,1,0
699,,,1,1
704,,,1,0
705,,,1,0
710,,,1,0
712,,,1,0
713,,,1,0
714,,,1,0
717,,,1,0
720,,,1,0
724,,,1,0
725,,,1,0
727,,,1,0
729,,,1,1
730,,,1,0
731,,,1,0
732,,,1,0
734,,,1,0
736,,,1,0
737,,,1,0
738,,,1,0
740,,,1,0
745,,,1,0
746,,,1,1
748,,,1,0
752,,,1,0
753,,,1,0
754,,,1,0
755,,,1,0
758,,,2,1
759,,,1,0
761,,,2,0
762,,,1,0
770,,,1,0
773,,,2,1
774,,,1,1
777,,,1,1
779,,,2,1
781,,,1,0
782,,,1,1
783,,,1,0
784,,,1,0
786,,,1,0
788,,,1,0
790,,,1,0
791,,,1,0
794,,,2,1
796,,,2,0
797,,,2,1
798,,,1,1
799,,,1,0
800,,,1,0
801,,,1,0
802,,,1,0
803,,,1,0
806,,,1,0
810,,,1,0
812,,,1,0
814,,,1,1
815,,,1,0
820,,,1,0
822,,,2,0
826,,,2,0
829,,,1,1
832,,,1,1
833,,,2,0
834,,,1,1
835,,,1,1
836,,,1,1
837,,,1,1
838,,,1,0
840,,,1,0
841,,,1,0
842,,,1,0
843,,,1,1
846,,,1,1
848,,,1,0
849,,,1,0
852,,,1,1
853,,,1,0
856,,,1,0
857,,,1,1
859,,,1,0
860,,,1,0
863,,,1,0
864,,,1,1
866,,,1,0
867,,,1,0
868,,,2,1
870,,,1,1
871,,,1,0
872,,,1,0
873,,,1,1
874,,,1,1
875,,,1,0
876,,,1,0
877,,,1,1
878,,,1,1
882,,,1,0
883,,,1,0
884,,,1,0
888,,,1,0
890,,,1,1
892,,,2,0
895,,,1,0
902,,,1,0
903,,,1,0
926,,,1,0
928,,,1,0
931,,,1,1
934,,,1,0
936,,,1,1
939,,,1,0
945,,,1,0
946,,,1,0
951,,,1,0
952,,,1,0
956,,,1,0
957,,,1,0
960,,,1,0
961,,,1,0
963,,,1,0
964,,,1,0
965,,,1,1
971,,,1,0
974,,,2,1
978,,,1,0
979,,,1,1
981,,,1,0
983,,,1,0
984,,,2,0
985,,,2,0
990,,,1,1
991,,,1,1
997,,,1,0
1002,,,1,1
1004,,,1,0
1015,,,1,0
1020,,,1,1
1021,,,2,0
1022,,,1,0
1029,,,1,1
1035,,,2,0
1050,,,1,0
1093,,,1,0
1098,,,1,0
1139,,,1,0
1141,,,1,0
1142,,,1,1
1146,,,2,0
1149,,,2,0
1152,,,1,0
1153,,,2,1
1157,,,1,1
1162,,,1,0
1168,,,1,0
1174,,,1,0
1175,,,1,0
1179,,,1,1
1181,,,1,1
1182,,,2,0
1188,,,2,0
1191,,,1,1
1202,,,1,1
1203,,,1,1
1204,,,1,1
1208,,,1,0
1217,,,1,1
1223,,,1,1
1224,,,1,1
1225,,,1,1
1232,,,1,0
1235,,,2,0
1242,,,2,1
1264,,,1,0
1270,,,1,0
1271,,,1,0
1278,,,1,0
1279,,,1,0
1283,,,1,0
1287,,,1,0
1289,,,1,0
1290,,,1,0
1300,,,1,0
1305,,,1,0
1312,,,1,0
1316,,,1,0
1318,,,1,0
1324,,,1,0
1326,,,2,0
1328,,,1,1
1346,,,1,0
1348,,,1,0
1349,,,1,0
1350,,,1,0
1351,,,1,0
1352,,,1,0
1353,,,2,0
1356,,,1,0
1379,,,2,0
1380,,,2,0
1383,,,1,0
1384,,,2,0
1385,,,2,0
1388,,,2,1
1389,,,1,0
1390,,,1,0
1391,,,2,0
1393,,,2,1
1394,,,2,0
1396,,,2,0
1399,,,2,0
1401,,,1,0
1402,,,2,0
1405,,,2,1
1406,,,2,0
1407,,,2,0
1408,,,2,0
1409,,,2,0
1412,,,2,0
1414,,,2,0
1415,,,2,0
1418,,,2,0
1419,,,2,0
1420,,,2,0
1422,,,2,0
1443,,,2,0
1445,,,1,0
1449,,,1,0
1456,,,1,0
1459,,,1,0
1470,,,1,0
1473,,,1,0
1480,,,1,0
1482,,,1,0
1483,,,2,0
1484,,,1,0
1486,,,1,0
1488,,,1,1
1491,,,1,0
1495,,,1,0
1498,,,2,1
1499,,,2,1
1501,,,1,1
1502,,,1,0
1506,,,1,0
1507,,,2,1
1508,,,2,1
1511,,,2,1
1519,,,1,0
1520,,,2,1
1521,,,1,0
1522,,,2,1
1524,,,1,1
1525,,,1,0
1526,,,1,1
1527,,,2,1
1530,,,1,0
1531,,,3,0
1532,,,1,1
1533,,,1,0
1534,,,1,0
1535,,,1,0
1544,,,1,0
1545,,,1,0
1546,,,1,0
1547,,,1,0
1554,,,1,0
1555,,,1,0
1556,,,1,0
1569,,,1,1
1574,,,1,0
1575,,,1,0
1577,,,1,0
1585,,,2,0
1587,,,1,1
1590,,,1,0
1597,,,1,0
1600,,,1,0
1603,,,1,0
1604,,,1,0
1610,,,1,0
1611,,,2,1
1614,,,1,0
1617,,,1,0
1619,,,1,0
1621,,,1,0
1622,,,1,0
1623,,,1,0
1631,,,1,0
1633,,,1,1
1636,,,1,0
1638,,,1,0
1639,,,1,0
1644,,,2,0
1646,,,1,1
1647,,,1,0
1648,,,1,0
1649,,,1,0
1650,,,1,0
1652,,,1,0
1654,,,1,0
1657,,,1,0
1658,,,1,0
1660,,,1,1
1661,,,1,0
1662,,,1,1
1663,,,1,0
1669,,,1,0
1670,,,1,0
1671,,,1,1
1673,,,1,0
1675,,,1,0
1676,,,1,0
1677,,,1,0
1679,,,1,1
1684,,,1,0
1686,,,1,0
1687,,,1,0
1688,,,2,1
1689,,,1,0
1690,,,1,0
1692,,,1,0
1693,,,2,1
1694,,,1,0
1699,,,1,1
1700,,,1,0
1701,,,1,0
1702,,,1,0
1705,,,1,0
1706,,,1,0
1707,,,1,0
1709,,,2,0
1710,,,2,1
1715,,,2,0
1716,,,1,0
1718,,,1,0
1719,,,1,1
1737,,,1,0
1755,,,1,0
1761,,,1,0
1762,,,1,0
1768,,,1,0
1770,,,1,0
1771,,,1,1
1772,,,1,1
1773,,,1,1
1774,,,1,0
1775,,,1,1
1776,,,2,1
1780,,,1,0
1786,,,1,0
1789,,,1,0
1798,,,1,0
1799,,,1,1
1802,,,1,1
1803,,,1,0
1804,,,1,0
1808,,,2,0
1810,,,1,0
1814,,,1,0
1815,,,1,1
1817,,,1,1
1822,,,1,0
1833,,,1,0
1835,,,1,0
1836,,,1,0
1838,,,1,0
1842,,,1,0
1861,,,1,0
1863,,,1,0
1870,,,1,0
1878,,,1,0
1882,,,1,0
1883,,,1,0
1885,,,1,1
1887,,,1,0
1888,,,1,0
1889,,,2,1
1890,,,1,0
1895,,,1,0
1897,,,1,0
1900,,,1,0
1901,,,1,1
1909,,,1,0
1915,,,1,0
1916,,,1,0
1918,,,2,1
1919,,,2,0
1938,,,2,0
1939,,,1,0
1943,,,1,0
1952,,,1,0
1954,,,2,0
1959,,,1,0
1961,,,2,0
1969,,,1,0
1971,,,1,0
1975,,,1,0
1979,,,1,1
1980,,,3,0
1981,,,1,0
1985,,,1,0
1986,,,1,1
1987,,,1,0
1989,,,1,1
1990,,,1,0
1995,,,3,0
1999,,,1,0
2000,,,2,1
2003,,,1,0
2006,,,1,0
2009,,,1,0
2010,,,1,0
2014,,,1,1
2015,,,2,0
2016,,,1,0
2019,,,1,0
2022,,,1,1
2023,,,1,0
2024,,,1,0
2031,,,1,0
2035,,,1,0
2036,,,2,0
2040,,,2,0
2043,,,1,0
2045,,,1,0
2046,,,1,0
2047,,,1,0
2049,,,1,0
2050,,,1,0
2051,,,1,0
2055,,,1,0
2057,,,1,0
2059,,,1,1
2060,,,1,0
2061,,,1,0
2063,,,1,0
2064,,,1,1
2068,,,1,0
2070,,,1,0
2074,,,1,0
2075,,,1,1
2077,,,2,0
2083,,,1,0
2089,,,1,1
2094,,,1,0
2096,,,1,0
2097,,,1,0
2099,,,1,1
2102,,,2,2
2103,,,1,0
2108,,,1,0
2111,,,2,0
2112,,,1,0
2116,,,2,1
2121,,,2,1
2128,,,2,0
2129,,,1,0
2133,,,1,0
2134,,,2,1
2138,,,1,1
2139,,,1,0
2144,,,2,1
2149,,,1,0
2158,,,1,0
2159,,,1,0
2160,,,1,0
2161,,,1,0
2163,,,1,0
2164,,,1,0
2169,,,1,0
2171,,,1,0
2172,,,1,0
2173,,,1,0
2174,,,1,0
2177,,,1,0
2179,,,1,0
2188,,,1,0
2189,,,1,0
2190,,,1,0
2191,,,1,0
2192,,,1,0
2193,,,1,0
2194,,,1,0
2198,,,1,0
2205,,,2,0
2209,,,2,1
2210,,,1,0
2211,,,1,0
2213,,,2,1
2214,,,2,0
2216,,,1,0
2217,,,1,0
2219,,,1,0
2220,,,1,0
2221,,,1,0
2227,,,1,0
2229,,,1,0
2230,,,1,0
2231,,,1,1
2233,,,1,0
2235,,,1,0
2236,,,1,1
2237,,,1,0
2238,,,1,0
2239,,,1,1
2240,,,1,0
2241,,,1,0
2242,,,1,0
2244,,,1,0
2248,,,1,0
2250,,,1,1
2257,,,1,0
2260,,,1,0
2267,,,1,0
2271,,,1,0
2275,,,1,0
2278,,,1,0
2285,,,1,0
2288,,,1,0
2289,,,1,1
2292,,,1,0
2296,,,1,1
2300,,,1,0
2301,,,1,0
2303,,,1,0
2304,,,1,1
2306,,,1,0
2309,,,1,0
2311,,,1,1
2314,,,1,0
2315,,,1,0
2317,,,1,0
2321,,,1,0
2324,,,1,1
2325,,,1,0
2327,,,1,0
2329,,,1,0
2330,,,1,0
2332,,,1,0
2334,,,1,1
2337,,,1,0
2341,,,1,0
2342,,,1,1
2346,,,1,0
2348,,,1,1
2349,,,1,0
2350,,,1,0
2351,,,1,1
2359,,,1,0
2361,,,1,0
2364,,,1,0
2370,,,1,0
2379,,,1,1
2385,,,1,1
2388,,,2,0
2390,,,1,0
2391,,,1,0
2400,,,1,1
2406,,,1,0
2409,,,1,0
2414,,,2,0
2415,,,1,0
2416,,,1,0
2419,,,2,0
2422,,,2,0
2423,,,1,1
2425,,,1,0
2428,,,1,0
2430,,,1,0
2435,,,1,0
2437,,,1,0
2438,,,1,1
2440,,,1,0
2441,,,1,0
2442,,,1,0
2443,,,1,1
2445,,,1,1
2446,,,2,0
2452,,,1,0
2454,,,1,0
2457,,,1,0
2460,,,1,1
2463,,,1,1
2464,,,1,0
2465,,,1,0
2466,,,1,1
2467,,,1,0
2470,,,1,0
2471,,,1,0
2475,,,1,0
2476,,,1,0
2479,,,1,0
2480,,,1,0
2491,,,1,0
2492,,,1,0
2493,,,1,0
2494,,,1,1
2496,,,1,0
2497,,,1,0
2499,,,1,0
2500,,,1,1
2501,,,1,0
2504,,,1,0
2506,,,1,1
2510,,,1,1
2513,,,1,1
2514,,,1,0
2515,,,1,0
2516,,,1,0
2517,,,1,0
2520,,,2,0
2521,,,1,0
2523,,,1,0
2524,,,1,1
2528,,,1,1
2530,,,1,1
2531,,,1,0
2534,,,1,0
2535,,,1,1
2536,,,1,0
2538,,,1,0
2539,,,1,0
2540,,,1,0
2543,,,1,1
2544,,,1,0
2546,,,1,0
2547,,,1,0
2548,,,1,1
2550,,,1,0
2553,,,1,0
2555,,,2,0
2557,,,2,0
2564,,,1,0
2566,,,2,0
2568,,,1,0
2569,,,1,0
2575,,,1,0
2576,,,2,0
2585,,,1,0
2587,,,1,0
2588,,,1,0
2590,,,2,0
2591,,,2,0
2592,,,2,0
2593,,,1,0
2597,,,1,1
2598,,,1,1
2602,,,1,1
2604,,,1,0
2605,,,2,1
2608,,,1,0
2609,,,1,0
2612,,,1,0
2614,,,1,0
2617,,,1,0
2624,,,1,0
2625,,,1,0
2628,,,1,1
2629,,,1,0
2631,,,1,1
2633,,,1,0
2635,,,1,0
2648,,,1,0
2651,,,1,1
2660,,,1,0
2661,,,1,0
2666,,,1,0
2672,,,1,0
2675,,,1,0
2676,,,1,0
2683,,,1,0
2684,,,1,0
2688,,,1,0
2689,,,2,1
2692,,,1,0
2693,,,1,0
2694,,,1,0
2695,,,1,0
2698,,,1,1
2700,,,1,0
2709,,,1,0
2711,,,2,2
2720,,,1,1
2726,,,1,1
2730,,,1,0
2733,,,1,1
2734,,,1,0
2736,,,1,0
2741,,,1,1
2749,,,1,0
2752,,,1,0
2759,,,2,1
2766,,,1,0
2778,,,1,0
2802,,,1,0
2808,,,1,0
2815,,,1,0
2819,,,1,0
2820,,,2,0
2821,,,1,0
2826,,,1,0
2827,,,1,0
2828,,,2,0
2830,,,1,0
2831,,,1,0
2833,,,1,1
2835,,,1,0
2836,,,2,1
2838,,,1,0
2841,,,2,2
2842,,,1,1
2844,,,1,1
2846,,,2,2
2849,,,1,1
2852,,,2,2
2855,,,1,1
2856,,,1,1
2858,,,1,1
2869,,,1,1
2877,,,2,2
2883,,,1,1
2885,,,2,2
2888,,,1,1
2890,,,1,1
2893,,,2,2
2896,,,1,1
2908,,,1,1
2909,,,1,1
2910,,,1,1
2911,,,1,1
2912,,,1,1
2915,,,1,1
2916,,,1,1
2917,,,1,1
2921,,,1,1
2925,,,1,1
2929,,,1,1
2931,,,1,1
2933,,,1,0
2935,,,1,0
2936,,,1,0
2937,,,2,2
2943,,,1,0
2947,,,1,0
2948,,,1,0
2953,,,1,0
2954,,,1,1
2960,,,1,0
2973,,,2,0
2982,,,2,1
2991,,,1,1
2993,,,1,1
3010,,,1,0
3011,,,2,0
3013,,,1,0
3014,,,1,0
3016,,,1,0
3019,,,1,1
3022,,,1,0
3025,,,1,0
3029,,,1,0
3030,,,1,0
3037,,,1,1
3038,,,1,1
3042,,,1,0
3047,,,2,0
3052,,,2,0
3057,,,1,0
3058,,,1,0
3061,,,2,0
3064,,,1,1
3066,,,1,0
3068,,,1,0
3070,,,1,0
3072,,,1,0
3073,,,1,0
3075,,,1,0
3077,,,1,1
3079,,,1,0
3080,,,1,0
3082,,,2,0
3084,,,1,0
3086,,,1,0
3092,,,1,1
3093,,,1,0
3095,,,1,1
3099,,,1,0
3100,,,1,0
3101,,,1,0
3104,,,1,1
3105,,,1,1
3106,,,1,0
3107,,,1,0
3109,,,1,0
3111,,,1,0
3112,,,1,0
3114,,,1,0
3115,,,1,0
3116,,,1,1
3118,,,1,0
3119,,,1,1
3120,,,1,0
3123,,,1,0
3124,,,1,0
3125,,,1,0
3126,,,1,0
3130,,,1,1
3131,,,1,0
3133,,,1,0
3134,,,1,0
3136,,,1,1
3137,,,1,0
3138,,,2,2
3139,,,1,0
3140,,,1,1
3142,,,2,1
3144,,,1,1
3145,,,1,0
3147,,,1,0
3150,,,1,0
3152,,,1,0
3161,,,1,1
3162,,,1,1
3165,,,1,0
3166,,,1,0
3168,,,1,0
3170,,,1,0
3174,,,1,0
3176,,,1,1
3177,,,1,0
3182,,,1,1
3184,,,1,0
3190,,,2,1
3191,,,1,0
3192,,,1,0
3193,,,1,0
3196,,,1,0
3197,,,1,0
3198,,,1,0
3201,,,1,1
3212,,,2,0
3221,,,2,1
3227,,,2,1
3236,,,1,0
3241,,,1,0
3242,,,2,1
3252,,,1,0
3253,,,1,1
3255,,,1,0
3256,,,1,0
3260,,,1,0
3262,,,1,0
3266,,,1,0
3270,,,1,0
3280,,,2,0
3282,,,1,0
3283,,,1,0
3285,,,1,1
3286,,,1,0
3287,,,1,0
3288,,,1,1
3289,,,1,0
3292,,,1,0
3300,,,1,0
3303,,,1,0
3309,,,1,0
3322,,,1,1
3329,,,1,1
3336,,,1,0
3337,,,1,1
3339,,,1,1
3341,,,1,0
3342,,,1,0
3345,,,1,0
3347,,,1,0
3351,,,1,0
3355,,,1,1
3357,,,2,1
3361,,,1,0
3364,,,1,1
3367,,,1,0
3369,,,1,0
3370,,,1,0
3372,,,1,1
3373,,,1,1
3376,,,1,1
3379,,,1,0
3387,,,1,1
3388,,,1,0
3389,,,1,1
3390,,,1,0
3391,,,1,0
3395,,,2,0
3396,,,1,0
3397,,,1,0
3398,,,1,0
3400,,,1,0
3401,,,1,1
3402,,,1,0
3404,,,1,1
3405,,,1,0
3412,,,1,0
3413,,,1,0
3415,,,1,1
3417,,,1,0
3423,,,1,1
3428,,,1,0
3430,,,1,0
3431,,,1,0
3432,,,1,1
3433,,,1,0
3435,,,1,0
3436,,,2,1
3437,,,1,1
3439,,,1,0
3446,,,1,0
3448,,,1,0
3451,,,1,1
3452,,,1,1
3459,,,1,1
3460,,,1,0
3466,,,1,0
3469,,,1,1
3471,,,1,0
3475,,,1,1
3477,,,1,0
3486,,,1,0
3489,,,1,0
3492,,,1,0
3493,,,2,0
3495,,,2,0
3498,,,1,0
3506,,,1,0
3508,,,1,0
3509,,,1,0
3512,,,1,0
3514,,,2,0
3519,,,2,0
3526,,,1,0
3527,,,1,0
3529,,,1,0
3530,,,1,0
3531,,,1,0
3532,,,1,0
3533,,,1,1
3534,,,1,0
3535,,,2,1
3536,,,1,0
3537,,,2,1
3540,,,1,0
3542,,,2,0
3543,,,1,0
3548,,,1,0
3549,,,2,0
3550,,,1,0
3557,,,1,1
3560,,,1,0
3566,,,2,1
3567,,,1,0
3570,,,1,0
3572,,,1,0
3582,,,1,0
3589,,,1,0
3592,,,1,0
3593,,,1,0
3596,,,2,1
3597,,,1,0
3598,,,1,1
3603,,,1,0
3604,,,2,0
3609,,,1,1
3611,,,2,1
3613,,,1,1
3617,,,1,0
3619,,,1,0
3623,,,1,1
3626,,,1,0
3627,,,1,0
3632,,,1,0
3633,,,1,0
3634,,,1,0
3635,,,1,0
3636,,,2,1
3638,,,2,0
3641,,,1,0
3642,,,1,0
3645,,,1,1
3646,,,1,0
3648,,,1,0
3652,,,1,0
3656,,,1,0
3657,,,1,0
3658,,,1,0
3662,,,1,0
3663,,,2,0
3667,,,2,1
3675,,,2,0
3682,,,1,0
3684,,,2,1
3702,,,1,1
3705,,,1,0
3715,,,1,0
3717,,,1,0
3725,,,1,0
3735,,,2,0
3736,,,1,0
3739,,,1,0
3741,,,1,1
3745,,,1,0
3748,,,1,0
3750,,,1,0
3752,,,1,1
3756,,,1,0
3761,,,1,1
3763,,,1,0
3765,,,1,1
3768,,,1,0
3770,,,1,0
3773,,,1,1
3776,,,1,0
3777,,,1,1
3778,,,1,0
3787,,,1,0
3789,,,1,0
3795,,,1,0
3797,,,1,0
3800,,,1,1
3802,,,1,1
3803,,,1,0
3810,,,1,0
3812,,,1,0
3815,,,1,0
3816,,,1,0
3821,,,1,1
3822,,,1,0
3827,,,1,0
3829,,,1,0
3830,,,1,0
3831,,,1,0
3833,,,1,0
3834,,,1,0
3837,,,1,0
3839,,,1,0
3840,,,2,1
3842,,,2,1
3845,,,1,1
3848,,,2,1
3849,,,2,1
3850,,,2,1
3851,,,2,1
3853,,,2,1
3855,,,2,1
3857,,,1,1
3858,,,1,0
3860,,,2,1
3861,,,2,1
3862,,,2,1
3864,,,2,1
3866,,,2,1
3868,,,1,1
3869,,,2,1
3870,,,2,1
3873,,,2,0
3874,,,2,1
3875,,,2,1
3876,,,1,0
3877,,,1,0
3879,,,2,0
3887,,,2,1
3888,,,2,1
3889,,,2,0
3892,,,2,0
3894,,,2,0
3895,,,1,1
3896,,,2,1
3897,,,2,1
3901,,,1,1
3903,,,2,0
3906,,,1,0
3907,,,1,0
3908,,,1,0
3911,,,1,1
3913,,,1,0
3914,,,1,1
3916,,,1,0
3917,,,1,0
3919,,,1,1
3921,,,1,0
3933,,,1,0
3937,,,1,1
3947,,,1,0
3950,,,1,0
3951,,,1,0
3952,,,1,0
3953,,,1,0
3954,,,1,0
3955,,,1,0
3956,,,1,0
3958,,,1,0
3960,,,1,0
3961,,,1,0
3962,,,1,0
3964,,,1,0
3967,,,1,0
3968,,,1,0
3969,,,2,1
3973,,,1,0
3977,,,1,0
3979,,,1,0
3980,,,2,0
3982,,,1,0
3983,,,1,0
3984,,,1,1
3989,,,1,0
3990,,,1,1
3992,,,1,0
3993,,,1,0
3994,,,1,0
3996,,,1,1
3997,,,1,0
4000,,,1,1
4003,,,1,0
4006,,,1,0
4011,,,1,0
4012,,,1,0
4014,,,1,0
4017,,,1,1
4019,,,1,1
4021,,,1,0
4022,,,1,0
4024,,,1,1
4025,,,1,0
4026,,,1,1
4034,,,1,0
4039,,,1,1
4043,,,1,1
4044,,,1,0
4046,,,1,0
4049,,,1,1
4050,,,1,0
4051,,,1,0
4052,,,2,1
4054,,,2,1
4058,,,1,1
4062,,,1,0
4063,,,1,0
4065,,,1,1
4068,,,1,0
4072,,,1,0
4076,,,1,0
4077,,,1,0
4078,,,1,0
4079,,,2,0
4080,,,1,1
4081,,,1,1
4083,,,2,0
4084,,,1,1
4086,,,1,1
4087,,,1,0
4088,,,1,1
4091,,,2,1
4092,,,1,1
4093,,,1,1
4094,,,1,0
4096,,,1,0
4097,,,1,0
4098,,,2,0
4100,,,1,0
4101,,,1,0
4103,,,1,1
4104,,,1,1
4105,,,2,0
4107,,,1,0
4108,,,2,0
4111,,,1,0
4113,,,1,0
4114,,,1,0
4116,,,1,0
4121,,,1,1
4122,,,1,1
4123,,,2,0
4124,,,1,0
4132,,,1,1
4138,,,1,1
4139,,,1,0
4140,,,1,0
4142,,,1,0
4143,,,1,0
4145,,,1,1
4146,,,1,0
4152,,,1,0
4156,,,1,0
4157,,,1,0
4159,,,1,0
4160,,,1,0
4170,,,1,0
4189,,,1,1
4201,,,1,0
4204,,,2,1
4205,,,1,0
4206,,,1,1
4210,,,1,0
4211,,,1,0
4212,,,1,0
4216,,,2,1
4218,,,2,0
4220,,,1,0
4225,,,1,0
4233,,,1,0
4235,,,1,1
4240,,,1,0
4241,,,1,0
4243,,,1,0
4245,,,1,0
4246,,,1,0
4250,,,2,0
4251,,,2,0
4255,,,1,1
4256,,,2,1
4260,,,1,0
4261,,,2,0
4262,,,1,0
4264,,,1,0
4269,,,2,0
4272,,,2,1
4276,,,1,1
4281,,,2,0
4293,,,2,1
4299,,,1,0
4300,,,1,1
4301,,,1,0
4303,,,1,0
4304,,,1,0
4305,,,2,1
4306,,,1,1
4307,,,1,0
4309,,,1,1
4321,,,1,0
4323,,,1,0
4325,,,1,0
4326,,,2,1
4328,,,1,0
4329,,,1,0
4332,,,1,1
4333,,,2,1
4335,,,1,0
4336,,,2,1
4337,,,1,0
4343,,,1,0
4345,,,2,0
4348,,,1,0
4349,,,1,0
4350,,,1,0
4351,,,1,0
4353,,,1,0
4354,,,1,0
4355,,,2,2
4356,,,1,0
4357,,,1,0
4358,,,1,0
4359,,,1,0
4361,,,1,1
4362,,,1,0
4363,,,1,1
4365,,,1,0
4368,,,1,0
4372,,,1,0
4373,,,1,0
4374,,,1,0
4376,,,1,0
4377,,,1,0
4378,,,1,1
4379,,,1,0
4381,,,1,0
4384,,,1,0
4385,,,1,0
4388,,,1,0
4392,,,2,1
4395,,,1,1
4396,,,1,0
4415,,,1,1
4427,,,1,0
4437,,,1,0
4440,,,1,0
4449,,,1,0
4456,,,1,0
4458,,,1,0
4459,,,2,0
4463,,,1,0
4464,,,1,0
4466,,,1,0
4470,,,1,0
4472,,,1,0
4487,,,1,0
4488,,,1,0
4496,,,1,0
4498,,,1,0
4499,,,2,0
4503,,,3,0
4504,,,1,0
4507,,,2,0
4509,,,2,0
4514,,,1,0
4517,,,1,0
4518,,,1,0
4519,,,2,1
4521,,,2,0
4526,,,2,0
4527,,,1,0
4528,,,1,0
4534,,,1,1
4537,,,1,0
4538,,,1,0
4539,,,1,0
4546,,,1,0
4547,,,1,0
4548,,,1,0
4549,,,1,1
4550,,,2,1
4553,,,1,0
4556,,,1,0
4557,,,1,0
4561,,,2,1
4562,,,2,1
4563,,,1,1
4567,,,1,0
4568,,,1,0
4569,,,2,0
4571,,,1,0
4573,,,1,0
4575,,,1,0
4577,,,1,0
4578,,,1,0
4584,,,1,1
4585,,,1,0
4589,,,1,0
4590,,,1,0
4592,,,1,0
4593,,,1,1
4595,,,1,1
4596,,,2,1
4601,,,1,0
4602,,,1,0
4604,,,1,0
4606,,,1,0
4607,,,1,0
4608,,,2,0
4609,,,1,0
4611,,,1,0
4614,,,1,1
4616,,,1,0
4617,,,1,0
4619,,,1,0
4620,,,1,1
4622,,,1,1
4624,,,2,0
4625,,,1,0
4627,,,1,0
4628,,,1,0
4630,,,2,1
4631,,,1,0
4632,,,1,1
4634,,,1,0
4635,,,1,0
4637,,,1,0
4644,,,1,0
4646,,,1,0
4650,,,2,0
4655,,,2,0
4658,,,2,0
4661,,,1,0
4667,,,2,1
4670,,,2,1
4671,,,2,0
4674,,,2,1
4680,,,2,1
4689,,,1,1
4690,,,2,1
4692,,,2,0
4693,,,2,0
4694,,,2,0
4695,,,2,1
4699,,,1,1
4700,,,2,0
4703,,,1,0
4704,,,2,0
4706,,,2,0
4708,,,2,0
4709,,,1,0
4710,,,1,0
4713,,,2,1
4717,,,1,0
4720,,,1,1
4723,,,1,0
4724,,,1,0
4730,,,1,0
4740,,,1,0
4745,,,1,0
4749,,,1,0
4765,,,2,0
4766,,,1,0
4769,,,2,0
4771,,,1,1
4773,,,1,0
4774,,,2,0
4775,,,2,0
4777,,,1,0
4778,,,1,0
4779,,,1,0
4784,,,1,0
4785,,,1,0
4786,,,1,1
4787,,,1,1
4788,,,2,1
4789,,,1,1
4790,,,1,0
4791,,,1,1
4793,,,1,0
4795,,,1,1
4797,,,1,0
4799,,,1,0
4800,,,2,0
4807,,,1,0
4809,,,1,0
4810,,,1,0
4812,,,1,0
4814,,,1,1
4819,,,1,0
4820,,,1,0
4821,,,1,1
4823,,,2,1
4825,,,2,0
4826,,,1,0
4829,,,1,1
4830,,,1,1
4832,,,1,0
4833,,,1,0
4834,,,1,0
4836,,,1,1
4840,,,1,0
4842,,,1,0
4843,,,1,0
4846,,,1,0
4847,,,1,0
4849,,,2,1
4850,,,2,1
4852,,,1,1
4853,,,2,0
4854,,,1,0
4859,,,1,1
4860,,,2,0
4866,,,1,0
4868,,,2,0
4869,,,2,0
4874,,,1,0
4879,,,1,0
4882,,,1,0
4884,,,1,0
4887,,,1,0
4889,,,1,1
4891,,,1,0
4897,,,1,0
4898,,,1,0
4899,,,1,0
4903,,,1,0
4908,,,1,0
4911,,,1,0
4913,,,1,1
4914,,,1,0
4917,,,1,0
4918,,,1,1
4919,,,1,0
4922,,,1,1
4923,,,1,0
4924,,,2,0
4935,,,1,1
4936,,,1,0
4955,,,1,0
4957,,,1,1
4961,,,2,0
4962,,,1,0
4964,,,2,0
4966,,,1,0
4967,,,1,0
4968,,,1,1
4969,,,1,0
4970,,,1,1
4974,,,2,0
4975,,,1,1
4978,,,1,0
4981,,,1,0
4983,,,1,0
4986,,,2,0
4988,,,1,0
4989,,,1,0
4992,,,2,0
4993,,,2,0
4995,,,1,1
4997,,,1,1
4998,,,2,0
5001,,,2,1
5002,,,2,0
5004,,,1,0
5007,,,1,0
5008,,,1,0
5013,,,2,1
5016,,,2,0
5017,,,1,0
5018,,,1,1
5019,,,1,1
5022,,,1,0
5024,,,2,0
5025,,,2,1
5027,,,1,0
5029,,,1,0
5032,,,2,1
5033,,,2,1
5034,,,1,1
5035,,,1,0
5037,,,1,0
5038,,,1,0
5039,,,2,0
5040,,,1,1
5041,,,1,0
5043,,,1,1
5044,,,1,1
5046,,,1,0
5047,,,1,0
5049,,,1,0
5050,,,1,1
5052,,,1,0
5055,,,1,1
5056,,,1,0
5059,,,2,0
5060,,,1,0
5061,,,1,1
5063,,,1,0
5064,,,2,1
5067,,,1,0
5071,,,1,1
5073,,,2,0
5074,,,1,0
5075,,,1,0
5076,,,1,1
5078,,,1,0
5079,,,1,0
5080,,,1,1
5082,,,1,0
5083,,,1,0
5085,,,1,0
5087,,,2,1
5088,,,2,0
5089,,,1,1
5092,,,1,0
5094,,,1,0
5096,,,2,1
5099,,,1,1
5101,,,1,0
5102,,,1,1
5103,,,1,0
5104,,,1,1
5107,,,1,1
5110,,,1,0
5114,,,1,0
5115,,,1,0
5117,,,1,0
5119,,,1,1
5122,,,2,0
5124,,,1,1
5125,,,1,1
5126,,,1,0
5131,,,1,0
5132,,,2,0
5134,,,1,0
5135,,,1,1
5136,,,1,0
5138,,,1,0
5142,,,1,1
5148,,,1,1
5152,,,1,1
5154,,,1,1
5155,,,1,0
5160,,,1,1
5162,,,1,0
5164,,,1,1
5165,,,1,0
5166,,,1,0
5169,,,1,1
5172,,,1,1
5174,,,2,0
5175,,,1,1
5176,,,2,1
5178,,,1,0
5179,,,1,1
5181,,,1,0
5185,,,1,0
5186,,,1,0
5187,,,2,0
5188,,,1,0
5189,,,1,0
5191,,,1,0
5193,,,1,0
5194,,,1,0
5195,,,1,1
5196,,,1,1
5197,,,1,0
5198,,,1,0
5199,,,1,0
5200,,,1,1
5201,,,1,0
5202,,,1,0
5203,,,1,1
5206,,,1,0
5208,,,1,0
5210,,,1,0
5211,,,1,0
5219,,,1,0
5222,,,1,0
5228,,,1,1
5229,,,1,0
5231,,,1,1
5234,,,1,1
5247,,,1,1
5248,,,1,0
5251,,,1,0
5255,,,1,0
5256,,,1,0
5257,,,1,0
5263,,,1,0
5264,,,1,0
5272,,,1,0
5274,,,1,0
5278,,,1,0
5280,,,1,1
5281,,,1,0
5283,,,1,1
5285,,,1,0
5287,,,1,1
5290,,,1,0
5298,,,1,0
5300,,,1,1
5308,,,1,0
5310,,,1,0
5313,,,2,1
5315,,,1,0
5316,,,1,0
5321,,,2,0
5322,,,1,0
5323,,,1,0
5328,,,1,0
5330,,,1,0
5331,,,1,1
5332,,,1,0
5336,,,1,0
5342,,,1,1
5343,,,1,0
5346,,,1,0
5352,,,1,0
5353,,,1,0
5362,,,1,0
5366,,,1,0
5367,,,1,0
5371,,,1,1
5375,,,1,0
5377,,,1,0
5385,,,1,0
5389,,,1,0
5391,,,2,1
5392,,,1,0
5397,,,1,0
5400,,,1,1
5403,,,1,0
5406,,,1,0
5407,,,1,1
5408,,,1,0
5409,,,1,0
5410,,,2,1
5416,,,1,0
5417,,,1,0
5418,,,1,1
5420,,,1,1
5425,,,1,1
5426,,,1,0
5428,,,1,0
5432,,,1,1
5439,,,1,1
5442,,,1,0
5443,,,1,0
5444,,,1,1
5445,,,1,0
5446,,,1,0
5448,,,1,1
5449,,,1,0
5452,,,1,1
5455,,,1,0
5460,,,1,0
5461,,,1,1
5462,,,2,0
5465,,,2,0
5466,,,1,0
5467,,,1,0
5469,,,1,0
5473,,,2,1
5481,,,2,0
5484,,,1,0
5485,,,2,1
5494,,,1,1
5501,,,1,0
5505,,,1,0
5507,,,1,0
5509,,,1,0
5514,,,1,0
5518,,,1,0
5521,,,1,0
5525,,,1,0
5529,,,1,0
5531,,,1,0
5534,,,1,0
5538,,,1,0
5544,,,1,0
5556,,,1,0
5557,,,2,0
5560,,,2,0
5563,,,1,0
5564,,,2,0
5565,,,2,0
5567,,,2,0
5569,,,1,1
5570,,,2,0
5577,,,2,0
5579,,,2,0
5580,,,2,0
5582,,,2,1
5584,,,2,1
5586,,,2,0
5587,,,2,0
5588,,,2,0
5589,,,1,1
5590,,,1,0
5592,,,2,0
5593,,,1,0
5594,,,1,0
5595,,,2,0
5598,,,2,0
5599,,,2,0
5600,,,1,0
5603,,,2,0
5604,,,1,1
5605,,,2,0
5608,,,1,0
5609,,,2,0
5611,,,1,0
5612,,,1,0
5613,,,1,1
5617,,,1,1
5618,,,1,0
5619,,,1,0
5620,,,1,0
5622,,,1,0
5624,,,1,1
5625,,,1,0
5626,,,1,0
5628,,,1,0
5631,,,1,0
5632,,,1,1
5633,,,2,1
5634,,,1,1
5635,,,1,0
5638,,,1,0
5645,,,2,0
5646,,,2,0
5650,,,1,0
5652,,,1,0
5653,,,1,0
5656,,,1,0
5657,,,1,1
5658,,,1,0
5661,,,1,1
5663,,,1,0
5664,,,1,0
5672,,,1,0
5675,,,1,1
5676,,,1,0
5677,,,1,0
5680,,,1,0
5684,,,1,0
5686,,,2,0
5688,,,1,0
5690,,,1,0
5692,,,2,0
5693,,,1,0
5695,,,1,1
5703,,,2,0
5704,,,1,0
5706,,,2,0
5713,,,1,0
5715,,,1,0
5716,,,1,0
5717,,,1,0
5721,,,1,0
5722,,,1,0
5724,,,1,0
5726,,,1,1
5730,,,1,0
5733,,,1,1
5736,,,1,0
5739,,,1,0
5743,,,2,1
5746,,,1,0
5751,,,1,0
5752,,,1,0
5753,,,1,0
5754,,,1,1
5757,,,2,0
5758,,,1,0
5759,,,1,0
5760,,,1,0
5763,,,2,0
5764,,,1,0
5769,,,1,1
5772,,,2,0
5775,,,1,0
5776,,,1,0
5777,,,1,0
5778,,,1,0
5780,,,1,0
5784,,,1,1
5789,,,1,0
5791,,,1,0
5793,,,1,0
5794,,,1,0
5795,,,1,0
5803,,,1,0
5804,,,1,0
5807,,,1,0
5808,,,2,1
5815,,,1,0
5817,,,1,1
5824,,,1,1
5825,,,1,0
5827,,,1,0
5828,,,2,0
5829,,,1,0
5833,,,1,0
5837,,,1,0
5841,,,1,0
5843,,,2,1
5845,,,1,0
5847,,,2,1
5848,,,1,0
5849,,,1,1
5850,,,1,0
5854,,,2,1
5855,,,2,1
5856,,,1,0
5858,,,1,0
5861,,,2,1
5863,,,1,0
5864,,,2,0
5867,,,1,0
5868,,,2,0
5869,,,1,0
5870,,,1,0
5874,,,1,0
5875,,,2,1
5876,,,1,0
5881,,,2,1
5882,,,1,0
5883,,,2,0
5884,,,1,0
5885,,,1,0
5889,,,1,0
5890,,,1,1
5891,,,1,0
5894,,,1,0
5898,,,1,1
5900,,,1,1
5904,,,1,1
5905,,,1,0
5911,,,1,0
5912,,,1,0
5920,,,1,0
5921,,,1,1
5933,,,1,1
5934,,,1,1
5937,,,2,1
5939,,,1,0
5942,,,1,0
5944,,,1,0
5949,,,1,0
5953,,,2,1
5954,,,1,0
5955,,,1,0
5959,,,1,0
5960,,,1,0
5963,,,2,1
5964,,,1,0
5965,,,1,0
5972,,,1,1
5975,,,1,0
5978,,,1,0
5980,,,2,0
5983,,,1,0
5985,,,1,0
5989,,,1,1
5990,,,1,1
5991,,,1,1
5992,,,1,1
5997,,,2,1
5998,,,1,1
6000,,,2,1
6001,,,1,0
6002,,,2,0
6003,,,1,1
6007,,,1,1
6019,,,1,1
6020,,,1,0
6024,,,2,0
6026,,,1,1
6030,,,1,1
6032,,,2,1
6033,,,1,1
6034,,,1,1
6036,,,2,1
6038,,,1,0
6039,,,1,0
6041,,,1,0
6043,,,1,1
6047,,,1,0
6048,,,1,0
6051,,,1,0
6053,,,1,0
6056,,,1,0
6057,,,1,0
6058,,,2,0
6069,,,1,0
6070,,,2,0
6071,,,1,0
6072,,,1,0
6078,,,2,0
6083,,,1,0
6084,,,1,0
6085,,,1,0
6093,,,1,0
6115,,,1,0
6126,,,1,0
6127,,,1,0
6133,,,1,1
6135,,,1,0
6138,,,1,0
6141,,,1,0
6145,,,1,0
6146,,,1,0
6147,,,1,0
6148,,,1,0
6150,,,1,0
6151,,,2,1
6152,,,1,1
6154,,,2,1
6156,,,1,0
6159,,,1,1
6160,,,1,1
6162,,,1,0
6163,,,1,0
6164,,,2,1
6165,,,1,1
6167,,,1,0
6169,,,1,1
6171,,,2,1
6173,,,1,0
6174,,,1,0
6178,,,1,0
6181,,,1,1
6183,,,1,0
6185,,,2,1
6187,,,2,1
6188,,,2,1
6191,,,3,1
6192,,,1,1
6193,,,3,1
6195,,,1,0
6196,,,1,0
6197,,,1,0
6198,,,1,1
6199,,,3,1
6200,,,3,1
6201,,,1,0
6202,,,3,1
6203,,,2,1
6206,,,3,1
6207,,,3,1
6211,,,2,0
6213,,,1,0
6215,,,2,0
6216,,,2,2
6217,,,2,0
6218,,,1,0
6219,,,2,0
6220,,,1,0
6222,,,1,0
6223,,,1,0
6224,,,1,0
6227,,,2,1
6232,,,3,1
6234,,,1,0
6240,,,1,1
6243,,,1,1
6244,,,1,1
6245,,,1,1
6246,,,1,1
6247,,,1,0
6248,,,1,1
6253,,,1,1
6254,,,1,1
6255,,,1,1
6256,,,1,1
6257,,,1,1
6258,,,1,0
6259,,,1,1
6261,,,1,1
6262,,,1,1
6265,,,1,1
6267,,,1,1
6268,,,1,0
6269,,,1,1
6272,,,1,1
6274,,,1,1
6276,,,1,1
6277,,,1,0
6278,,,1,0
6281,,,1,0
6282,,,1,0
6283,,,1,1
6292,,,1,0
6293,,,1,1
6297,,,1,0
6299,,,1,0
6301,,,1,1
6303,,,1,0
6310,,,1,1
6312,,,1,0
6314,,,1,0
6317,,,1,0
6328,,,1,0
6331,,,1,0
6334,,,1,0
6335,,,1,0
6336,,,1,1
6337,,,1,1
6338,,,1,0
6339,,,2,1
6342,,,2,0
6344,,,1,1
6345,,,1,1
6346,,,1,0
6347,,,1,1
6348,,,2,1
6350,,,1,0
6354,,,2,0
6356,,,1,1
6358,,,1,1
6365,,,1,1
6366,,,1,1
6369,,,1,0
6370,,,1,0
6372,,,2,0
6373,,,2,0
6374,,,1,0
6375,,,2,0
6376,,,1,0
6380,,,1,1
6382,,,1,1
6388,,,3,2
6391,,,3,2
6395,,,2,0
6396,,,1,1
6403,,,1,0
6404,,,1,0
6405,,,2,0
6406,,,1,0
6412,,,1,0
6414,,,2,0
6415,,,1,1
6416,,,1,0
6417,,,1,0
6418,,,1,0
6421,,,3,2
6423,,,2,0
6427,,,2,1
6434,,,1,0
6436,,,1,0
6438,,,1,0
6440,,,1,0
6441,,,1,0
6443,,,1,1
6445,,,1,0
6446,,,1,1
6448,,,1,0
6450,,,1,0
6453,,,1,0
6454,,,1,1
6455,,,1,0
6458,,,1,0
6462,,,1,0
6464,,,1,0
6466,,,2,0
6467,,,1,0
6469,,,1,1
6472,,,1,0
6473,,,2,0
6477,,,1,0
6478,,,1,0
6480,,,1,0
6484,,,1,0
6486,,,2,1
6495,,,1,0
6500,,,1,0
6510,,,1,1
6512,,,1,1
6516,,,1,0
6518,,,1,0
6519,,,1,1
6523,,,1,0
6525,,,1,0
6528,,,2,0
6532,,,1,0
6534,,,1,0
6536,,,2,0
6540,,,1,1
6543,,,1,0
6546,,,1,0
6547,,,1,0
6550,,,2,1
6553,,,1,0
6554,,,1,1
6556,,,1,1
6560,,,1,0
6561,,,1,1
6567,,,1,0
6568,,,1,0
6569,,,1,0
6572,,,1,0
6575,,,1,0
6576,,,1,0
6577,,,1,0
6579,,,1,0
6583,,,1,1
6585,,,2,0
6596,,,2,0
6604,,,1,0
6605,,,1,0
6624,,,1,0
6626,,,1,0
6629,,,1,1
6638,,,2,0
6642,,,1,1
6643,,,1,0
6646,,,1,0
6653,,,1,0
6658,,,1,0
6660,,,1,0
6661,,,1,0
6663,,,1,0
6664,,,1,0
6665,,,1,1
6668,,,1,1
6669,,,1,0
6670,,,1,1
6675,,,1,0
6676,,,1,1
6679,,,1,1
6682,,,1,0
6683,,,1,0
6686,,,1,0
6688,,,1,0
6689,,,1,0
6694,,,1,0
6695,,,1,1
6699,,,1,0
6700,,,1,0
6702,,,1,0
6709,,,2,1
6711,,,1,0
6716,,,2,0
6721,,,1,0
6723,,,1,0
6724,,,1,0
6725,,,2,0
6726,,,1,0
6729,,,1,0
6735,,,1,0
6738,,,1,0
6742,,,2,0
6748,,,1,0
6749,,,1,0
6751,,,1,1
6754,,,1,0
6757,,,1,0
6759,,,2,1
6762,,,1,0
6764,,,1,1
6765,,,2,0
6766,,,1,0
6772,,,1,0
6773,,,1,0
6774,,,1,0
6775,,,2,0
6776,,,2,0
6781,,,1,0
6787,,,2,1
6788,,,2,1
6789,,,1,0
6793,,,2,0
6794,,,2,0
6795,,,1,0
6810,,,1,0
6857,,,1,0
6860,,,1,0
6864,,,1,1
6867,,,1,0
6874,,,1,1
6876,,,1,0
6877,,,1,0
6878,,,1,0
6879,,,1,1
6880,,,1,0
6881,,,1,1
6882,,,1,0
6892,,,1,0
6896,,,1,0
6898,,,1,0
6903,,,1,0
6907,,,1,0
6909,,,1,0
6915,,,1,0
6916,,,1,0
6921,,,1,0
6929,,,1,0
6932,,,1,0
6939,,,1,0
6940,,,1,0
6946,,,1,0
6948,,,1,0
6949,,,1,0
6950,,,1,0
6951,,,1,0
6953,,,1,0
6955,,,2,0
6956,,,1,0
6959,,,2,0
6960,,,1,0
6966,,,2,0
6972,,,1,0
6973,,,1,0
6975,,,1,0
6979,,,2,2
6981,,,1,0
6984,,,1,0
6985,,,1,0
6988,,,1,0
6992,,,1,0
6994,,,1,0
6996,,,1,0
6999,,,1,1
7002,,,1,0
7005,,,1,0
7008,,,1,0
7009,,,1,0
7015,,,1,0
7019,,,1,0
7021,,,1,0
7024,,,1,0
7025,,,1,0
7026,,,1,1
7027,,,1,0
7029,,,1,1
7030,,,1,0
7031,,,1,1
7032,,,1,0
7036,,,1,0
7039,,,1,0
7043,,,1,0
7044,,,1,0
7047,,,1,0
7048,,,1,0
7054,,,1,0
7056,,,1,0
7061,,,2,0
7063,,,1,0
7073,,,1,0
7076,,,2,2
7089,,,1,0
7091,,,1,1
7092,,,1,1
7095,,,1,0
7098,,,2,0
7104,,,1,0
7106,,,2,0
7108,,,1,0
7109,,,2,0
7112,,,1,0
7114,,,2,0
7115,,,1,0
7116,,,1,0
7120,,,2,0
7121,,,2,1
7124,,,2,0
7126,,,1,0
7128,,,1,0
7129,,,2,1
7130,,,1,1
7132,,,2,1
7134,,,2,1
7135,,,2,0
7136,,,1,0
7137,,,2,0
7140,,,1,0
7141,,,1,1
7142,,,2,1
7148,,,2,0
7163,,,1,1
7171,,,1,0
7184,,,1,1
7191,,,1,0
7196,,,1,0
7199,,,1,0
7204,,,1,0
7206,,,1,0
7210,,,2,0
7215,,,1,0
7221,,,1,0
7223,,,1,0
7224,,,1,0
7230,,,1,0
7231,,,1,1
7235,,,1,1
7236,,,1,1
7241,,,1,0
7242,,,1,0
7244,,,1,1
7247,,,2,0
7248,,,2,0
7250,,,1,0
7251,,,1,0
7252,,,1,1
7254,,,1,1
7255,,,1,0
7260,,,1,0
7261,,,1,0
7265,,,1,0
7266,,,1,1
7270,,,1,1
7274,,,1,1
7277,,,1,0
7278,,,1,1
7280,,,1,1
7281,,,1,0
7283,,,2,0
7285,,,2,1
7288,,,1,1
7289,,,1,0
7292,,,1,1
7294,,,1,0
7296,,,2,0
7297,,,1,0
7299,,,1,0
7300,,,1,0
7301,,,1,1
7302,,,1,0
7306,,,2,0
7307,,,1,0
7309,,,1,1
7315,,,1,1
7316,,,1,1
7317,,,2,1
7318,,,1,0
7323,,,1,0
7325,,,1,0
7326,,,1,1
7328,,,1,1
7329,,,1,0
7330,,,1,0
7331,,,1,1
7332,,,1,0
7334,,,1,1
7335,,,1,1
7337,,,2,0
7338,,,1,1
7340,,,1,1
7343,,,2,2
7348,,,1,0
7352,,,1,0
7356,,,1,0
7357,,,1,0
7358,,,1,0
7362,,,1,1
7366,,,1,0
7369,,,1,0
7381,,,2,1
7386,,,1,1
7390,,,1,0
7392,,,1,1
7412,,,1,0
7413,,,1,0
7415,,,1,0
7416,,,1,0
7426,,,1,0
7438,,,1,0
7447,,,1,1
7452,,,1,1
7453,,,1,0
7461,,,1,0
7465,,,1,0
7475,,,1,0
7476,,,1,1
7477,,,1,0
7480,,,1,0
7482,,,1,0
7490,,,1,1
7491,,,1,0
7494,,,1,0
7496,,,1,0
7497,,,2,0
7498,,,1,0
7501,,,1,0
7502,,,1,0
7503,,,1,0
7504,,,1,0
7505,,,1,0
7507,,,1,0
7510,,,1,0
7513,,,1,0
7514,,,1,0
7515,,,1,0
7517,,,1,0
7518,,,1,0
7520,,,1,0
7521,,,1,0
7522,,,1,0
7523,,,1,0
7525,,,1,0
7526,,,1,0
7527,,,1,0
7528,,,1,0
7530,,,1,1
7531,,,1,0
7532,,,1,0
7533,,,1,0
7534,,,1,0
7535,,,2,0
7536,,,1,0
7537,,,1,0
7540,,,1,0
7542,,,1,0
7543,,,1,1
7544,,,1,0
7545,,,1,0
7548,,,1,0
7550,,,1,0
7551,,,1,0
7552,,,1,0
7553,,,2,1
7554,,,1,0
7556,,,1,0
7557,,,1,0
7558,,,1,0
7560,,,1,0
7561,,,1,0
7563,,,1,0
7565,,,1,0
7566,,,1,0
7569,,,1,0
7570,,,1,0
7571,,,1,0
7573,,,1,0
7577,,,1,0
7578,,,1,0
7579,,,1,0
7580,,,1,0
7581,,,1,0
7582,,,1,0
7583,,,1,0
7584,,,1,0
7585,,,1,0
7587,,,1,0
7588,,,1,0
7589,,,1,0
7590,,,1,0
7591,,,1,1
7593,,,2,0
7594,,,1,0
7598,,,2,0
7600,,,1,1
7602,,,1,0
7607,,,1,0
7608,,,1,0
7609,,,1,0
7610,,,1,1
7611,,,1,0
7612,,,1,0
7613,,,1,0
7614,,,1,1
7616,,,1,0
7617,,,1,1
7619,,,1,1
7622,,,1,1
7623,,,1,1
7626,,,1,0
7627,,,1,0
7630,,,1,0
7631,,,1,1
7633,,,1,0
7635,,,2,0
7638,,,2,1
7641,,,1,0
7642,,,1,1
7644,,,2,0
7651,,,1,0
7653,,,1,0
7654,,,1,0
7659,,,1,0
7670,,,1,0
7671,,,1,0
7674,,,1,0
7685,,,2,1
7686,,,1,0
7689,,,1,0
7701,,,1,0
7714,,,1,0
7717,,,1,0
7723,,,1,0
7724,,,1,0
7728,,,2,0
7737,,,1,0
7739,,,1,0
7742,,,1,0
7743,,,1,0
7747,,,1,0
7748,,,1,1
7750,,,1,0
7752,,,1,0
7754,,,2,0
7755,,,1,1
7756,,,1,0
7758,,,1,0
7759,,,1,1
7760,,,1,0
7761,,,1,0
7764,,,1,0
7766,,,1,0
7767,,,2,2
7768,,,1,1
7769,,,1,1
7771,,,1,0
7772,,,1,0
7773,,,1,0
7775,,,1,1
7781,,,1,0
7784,,,1,0
7785,,,1,0
7788,,,1,1
7789,,,1,0
7790,,,1,0
7797,,,2,0
7799,,,1,0
7800,,,1,0
7801,,,1,0
7802,,,1,0
7803,,,2,0
7804,,,2,0
7809,,,1,0
7810,,,1,0
7812,,,1,1
7813,,,1,0
7815,,,1,0
7816,,,1,0
7817,,,2,0
7818,,,1,0
7821,,,1,0
7822,,,1,1
7823,,,1,0
7824,,,1,0
7826,,,1,1
7827,,,1,0
7828,,,1,1
7830,,,1,0
7831,,,2,0
7832,,,1,0
7833,,,1,0
7835,,,1,0
7837,,,2,0
7839,,,1,1
7842,,,1,0
7843,,,2,0
7844,,,1,0
7847,,,1,1
7849,,,2,1
7850,,,1,1
7851,,,1,1
7852,,,1,0
7854,,,1,1
7855,,,1,0
7857,,,1,1
7860,,,2,1
7862,,,1,1
7863,,,2,1
7864,,,1,0
7865,,,1,1
7868,,,1,0
7870,,,1,1
7871,,,2,1
7872,,,1,1
7873,,,1,0
7874,,,2,1
7878,,,2,0
7881,,,1,0
7882,,,1,1
7883,,,2,1
7887,,,1,1
7889,,,1,1
7893,,,1,1
7894,,,1,1
7895,,,1,0
7897,,,1,0
7905,,,1,1
7906,,,1,0
7907,,,1,1
7908,,,1,0
7909,,,1,0
7910,,,1,0
7913,,,1,0
7914,,,1,1
7915,,,1,0
7916,,,2,1
7918,,,1,0
7923,,,1,1
7924,,,1,0
7930,,,1,1
7932,,,1,0
7935,,,2,0
7936,,,1,0
7937,,,1,1
7938,,,2,0
7940,,,1,0
7955,,,1,0
7958,,,2,0
7959,,,1,0
7960,,,1,0
7962,,,1,0
7963,,,1,0
7965,,,2,0
7968,,,1,0
7969,,,1,0
7970,,,2,1
7971,,,1,1
7972,,,1,0
7973,,,1,0
7976,,,2,0
7977,,,2,0
7978,,,2,0
7981,,,2,0
7982,,,2,0
7983,,,1,0
7987,,,1,0
7988,,,1,0
7989,,,2,0
7990,,,2,0
7991,,,1,1
7994,,,1,0
7996,,,1,0
7999,,,1,0
8000,,,1,0
8001,,,2,1
8002,,,2,0
8003,,,1,1
8005,,,2,1
8006,,,1,0
8008,,,1,0
8009,,,1,1
8010,,,1,1
8012,,,1,0
8013,,,1,1
8016,,,1,0
8017,,,1,1
8019,,,1,0
8020,,,1,0
8023,,,3,1
8025,,,2,0
8028,,,1,0
8030,,,1,0
8031,,,1,0
8032,,,1,0
8034,,,1,0
8035,,,1,0
8036,,,1,0
8037,,,2,0
8039,,,1,1
8040,,,2,0
8043,,,1,0
8045,,,1,1
8047,,,1,0
8049,,,1,0
8055,,,1,0
8056,,,1,0
8058,,,1,0
8060,,,2,1
8061,,,1,0
8062,,,2,0
8065,,,1,1
8067,,,2,0
8068,,,1,0
8070,,,1,0
8071,,,2,0
8073,,,2,0
8081,,,1,0
8083,,,1,0
8087,,,1,0
8089,,,1,1
8091,,,2,0
8094,,,1,0
8095,,,3,1
8096,,,1,0
8097,,,1,0
8101,,,1,0
8102,,,1,0
8103,,,1,1
8106,,,1,0
8110,,,1,0
8111,,,1,0
8112,,,1,0
8113,,,1,0
8116,,,1,0
8118,,,1,1
8121,,,1,0
8122,,,2,0
8126,,,1,1
8128,,,1,0
8129,,,2,0
8131,,,1,0
8133,,,1,1
8137,,,1,0
8138,,,1,0
8140,,,1,0
8141,,,1,0
8142,,,1,0
8143,,,1,0
8144,,,1,0
8146,,,1,0
8147,,,1,1
8149,,,1,1
8150,,,1,0
8155,,,1,0
8159,,,1,0
8161,,,1,0
8162,,,1,0
8164,,,1,0
8165,,,1,1
8169,,,1,0
8170,,,1,0
8171,,,2,0
8172,,,1,0
8176,,,1,0
8177,,,1,0
8180,,,1,0
8181,,,1,1
8182,,,1,1
8184,,,1,0
8187,,,1,0
8188,,,1,1
8189,,,1,0
8190,,,1,0
8191,,,1,0
8195,,,1,1
8202,,,1,0
8203,,,2,1
8204,,,2,0
8205,,,1,1
8210,,,1,1
8213,,,1,0
8214,,,1,0
8215,,,1,0
8216,,,1,0
8218,,,1,0
8219,,,1,1
8221,,,1,0
8225,,,3,2
8231,,,2,1
8232,,,1,1
8236,,,1,0
8237,,,1,0
8239,,,1,0
8240,,,1,0
8241,,,1,0
8250,,,1,0
8252,,,1,0
8254,,,1,1
8262,,,1,0
8274,,,1,0
8287,,,1,0
8288,,,1,1
8294,,,1,0
8296,,,1,0
8297,,,1,0
8300,,,1,0
8301,,,1,1
8304,,,1,0
8309,,,1,1
8310,,,1,0
8312,,,1,0
8314,,,1,1
8315,,,1,0
8317,,,1,1
8318,,,1,0
8320,,,1,0
8321,,,1,0
8329,,,1,0
8330,,,1,0
8332,,,3,0
8334,,,1,1
8335,,,1,0
8337,,,1,0
8339,,,1,0
8341,,,1,1
8345,,,1,0
8360,,,1,0
8363,,,1,0
8367,,,1,0
8378,,,1,0
8382,,,1,0
8383,,,1,0
8393,,,1,0
8394,,,1,0
8397,,,1,0
8399,,,1,0
8400,,,1,0
8401,,,1,0
8402,,,1,0
8404,,,1,0
8405,,,1,0
8406,,,2,0
8409,,,1,0
8410,,,1,0
8411,,,1,0
8412,,,1,0
8415,,,1,0
8416,,,1,0
8418,,,1,0
8419,,,1,0
8422,,,1,0
8423,,,1,0
8428,,,1,0
8429,,,1,0
8430,,,1,0
8431,,,1,0
8432,,,1,0
8433,,,1,0
8435,,,1,0
8440,,,2,0
8441,,,1,0
8447,,,1,0
8450,,,1,0
8464,,,1,0
8476,,,1,0
8477,,,1,0
8478,,,1,0
8480,,,1,0
8489,,,1,0
8490,,,1,0
8497,,,1,0
8506,,,1,0
8507,,,1,0
8509,,,1,0
8510,,,1,0
8511,,,1,0
8516,,,1,0
8538,,,1,0
8539,,,1,0
8545,,,1,0
8551,,,1,0
8585,,,1,0
8591,,,1,0
8595,,,1,0
8598,,,1,0
8606,,,1,0
8607,,,1,0
8608,,,1,0
8609,,,2,0
8610,,,3,0
8613,,,2,1
8618,,,1,0
8621,,,1,0
8622,,,1,0
8623,,,1,0
8627,,,1,0
8628,,,1,0
8631,,,1,0
8633,,,2,0
8635,,,1,0
8636,,,1,1
8639,,,1,0
8642,,,1,0
8643,,,1,0
8646,,,1,1
8647,,,1,0
8648,,,1,0
8650,,,1,0
8651,,,1,0
8654,,,1,0
8655,,,1,0
8657,,,1,0
8659,,,1,0
8660,,,2,1
8661,,,1,0
8662,,,1,0
8663,,,2,0
8664,,,2,0
8665,,,1,0
8667,,,1,0
8668,,,1,0
8669,,,2,0
8674,,,2,0
8676,,,1,0
8677,,,1,0
8680,,,1,1
8683,,,1,1
8684,,,1,0
8685,,,1,0
8688,,,1,1
8691,,,1,0
8692,,,2,1
8693,,,1,0
8694,,,2,1
8697,,,1,1
8699,,,1,0
8709,,,1,0
8721,,,2,1
8722,,,1,0
8724,,,1,0
8732,,,1,0
8734,,,2,1
8741,,,2,1
8743,,,2,0
8746,,,1,0
8747,,,1,1
8751,,,1,0
8753,,,1,0
8754,,,2,0
8755,,,1,0
8757,,,1,0
8759,,,1,0
8763,,,1,1
8768,,,1,0
8783,,,1,0
8799,,,1,0
8800,,,1,0
8802,,,1,0
8808,,,1,0
8815,,,1,0
8817,,,1,0
8823,,,1,0
8825,,,1,0
8835,,,1,0
8837,,,1,0
8838,,,1,0
8841,,,1,0
8864,,,2,1
8875,,,1,0
8878,,,1,0
8892,,,1,0
8902,,,1,1
8905,,,1,0
8907,,,2,0
8912,,,1,1
8914,,,1,0
8924,,,1,1
8931,,,1,0
8933,,,1,0
8934,,,1,0
8935,,,1,0
8936,,,1,0
8944,,,1,0
8945,,,2,0
8948,,,2,0
8949,,,2,0
8956,,,1,1
8959,,,1,1
8961,,,1,0
8963,,,2,0
8966,,,2,0
8967,,,1,0
8970,,,3,1
8971,,,1,0
8972,,,1,0
8976,,,1,0
8979,,,1,1
8985,,,1,1
8987,,,1,0
8994,,,1,1
8999,,,1,0
9001,,,2,1
9005,,,2,0
9007,,,1,0
9009,,,1,1
9012,,,2,1
9018,,,2,1
9020,,,1,0
9029,,,1,0
9030,,,1,0
9033,,,1,0
9038,,,2,1
9041,,,1,0
9044,,,1,1
9047,,,1,0
9052,,,1,0
9053,,,1,0
9054,,,1,0
9057,,,1,0
9059,,,1,0
9060,,,1,1
9064,,,1,0
9067,,,1,0
9071,,,1,0
9072,,,1,1
9074,,,1,0
9079,,,1,0
9081,,,1,0
9083,,,1,0
9086,,,1,1
9087,,,1,1
9088,,,1,1
9089,,,2,1
9095,,,1,0
9096,,,2,0
9097,,,2,0
9098,,,1,0
9100,,,2,0
9101,,,1,0
9102,,,1,0
9107,,,1,0
9109,,,2,0
9110,,,2,0
9112,,,1,0
9113,,,1,0
9114,,,1,0
9116,,,1,0
9118,,,1,0
9119,,,1,0
9120,,,1,1
9121,,,1,0
9123,,,1,0
9124,,,2,0
9126,,,1,0
9128,,,1,1
9130,,,2,0
9131,,,1,0
9132,,,1,0
9134,,,1,0
9135,,,1,0
9137,,,1,1
9139,,,2,0
9141,,,1,0
9142,,,1,1
9143,,,1,0
9145,,,2,0
9146,,,1,0
9148,,,1,0
9149,,,1,0
9151,,,2,1
9154,,,1,1
9156,,,1,1
9157,,,1,0
9159,,,1,0
9161,,,1,0
9162,,,1,0
9164,,,1,0
9166,,,1,1
9169,,,1,0
9171,,,1,0
9173,,,2,1
9174,,,1,0
9175,,,1,0
9177,,,1,0
9179,,,1,1
9180,,,1,0
9182,,,1,0
9183,,,1,0
9185,,,1,0
9191,,,1,0
9197,,,1,0
9203,,,1,1
9207,,,1,0
9209,,,2,0
9210,,,1,0
9212,,,1,0
9216,,,1,0
9217,,,1,1
9219,,,1,0
9220,,,1,0
9221,,,1,1
9223,,,1,0
9225,,,1,0
9226,,,1,0
9230,,,1,0
9233,,,1,0
9235,,,1,0
9237,,,1,0
9242,,,1,0
9247,,,1,0
9248,,,1,0
9249,,,2,0
9255,,,2,1
9262,,,1,0
9276,,,2,0
9277,,,1,0
9290,,,2,0
9292,,,1,0
9293,,,1,0
9298,,,2,1
9300,,,2,0
9303,,,1,0
9309,,,1,0
9315,,,1,1
9317,,,1,0
9320,,,2,2
9324,,,1,0
9337,,,1,0
9339,,,1,0
9341,,,2,1
9348,,,2,0
9360,,,1,1
9367,,,1,0
9372,,,1,0
9375,,,1,0
9376,,,1,0
9377,,,1,0
9378,,,1,0
9382,,,1,0
9385,,,2,1
9388,,,1,0
9391,,,2,0
9393,,,2,1
9396,,,1,0
9397,,,1,0
9401,,,1,0
9402,,,1,0
9403,,,1,0
9404,,,2,0
9405,,,1,0
9406,,,1,0
9410,,,1,0
9414,,,2,0
9416,,,1,0
9417,,,2,1
9420,,,1,0
9421,,,1,0
9431,,,1,1
9432,,,1,0
9436,,,1,1
9438,,,1,0
9439,,,1,1
9441,,,2,1
9445,,,2,0
9446,,,1,1
9448,,,1,0
9449,,,2,0
9450,,,1,0
9451,,,2,0
9452,,,1,1
9453,,,1,0
9454,,,2,0
9455,,,1,0
9456,,,1,1
9457,,,1,0
9458,,,1,0
9460,,,2,1
9465,,,1,0
9466,,,2,1
9467,,,1,1
9468,,,1,0
9469,,,1,0
9471,,,1,0
9480,,,2,0
9481,,,1,0
9482,,,2,0
9485,,,1,0
9486,,,2,0
9488,,,1,0
9489,,,1,0
9490,,,2,0
9491,,,1,0
9492,,,1,1
9499,,,1,0
9500,,,1,1
9501,,,1,0
9502,,,1,0
9503,,,1,0
9504,,,1,0
9505,,,1,0
9510,,,1,0
9511,,,1,0
9520,,,1,1
9524,,,2,0
9525,,,2,1
9526,,,1,0
9529,,,1,0
9531,,,1,0
9539,,,1,0
9540,,,1,0
9542,,,1,0
9547,,,1,0
9550,,,1,0
9552,,,2,0
9555,,,1,0
9557,,,1,1
9559,,,1,1
9565,,,1,0
9566,,,1,1
9568,,,1,0
9576,,,1,0
9580,,,2,0
9581,,,1,1
9583,,,1,0
9585,,,1,0
9598,,,1,0
9602,,,1,0
9608,,,1,0
9611,,,1,0
9612,,,1,0
9613,,,1,0
9616,,,1,0
9619,,,2,1
9625,,,1,0
9627,,,1,0
9634,,,1,0
9636,,,1,0
9638,,,1,1
9639,,,1,0
9642,,,1,0
9644,,,1,0
9645,,,1,0
9646,,,1,0
9650,,,1,0
9651,,,1,1
9652,,,1,0
9657,,,1,0
9663,,,2,1
9665,,,1,0
9666,,,1,0
9667,,,1,0
9669,,,1,0
9670,,,1,1
9672,,,1,0
9673,,,1,0
9674,,,1,0
9681,,,1,0
9684,,,1,0
9686,,,1,0
9687,,,1,0
9688,,,1,0
9691,,,1,0
9695,,,1,0
9698,,,1,0
9699,,,1,0
9702,,,1,0
9704,,,1,0
9707,,,1,0
9708,,,1,0
9714,,,1,0
9715,,,1,0
9716,,,1,0
9717,,,1,0
9718,,,1,0
9723,,,1,1
9728,,,1,1
9730,,,1,0
9731,,,1,0
9734,,,1,0
9737,,,1,0
9739,,,1,0
9744,,,1,0
9745,,,1,0
9746,,,1,0
9749,,,1,0
9752,,,1,0
9753,,,1,0
9754,,,1,0
9755,,,1,1
9757,,,1,0
9759,,,1,0
9762,,,1,0
9763,,,1,0
9770,,,1,0
9771,,,2,1
9772,,,1,0
9775,,,1,1
9778,,,1,0
9779,,,1,0
9783,,,1,0
9787,,,1,0
9788,,,1,0
9790,,,1,0
9794,,,1,0
9795,,,1,0
9796,,,1,0
9797,,,1,0
9800,,,1,0
9801,,,1,0
9806,,,1,0
9808,,,1,0
9812,,,1,1
9813,,,1,0
9822,,,1,0
9823,,,1,0
9826,,,1,0
9833,,,2,1
9834,,,1,0
9838,,,1,0
9841,,,1,0
9850,,,1,0
9854,,,2,0
9864,,,1,0
9873,,,1,0
9883,,,1,0
9886,,,1,0
9890,,,1,0
9905,,,1,0
9910,,,1,0
9911,,,1,0
9915,,,1,0
9931,,,1,0
9932,,,1,0
9933,,,2,0
9935,,,1,1
9938,,,1,0
9948,,,2,0
9955,,,1,0
9961,,,1,0
9963,,,1,0
9965,,,1,0
9972,,,1,1
9973,,,2,1
9976,,,1,0
9978,,,1,0
9979,,,1,0
9980,,,2,1
9983,,,1,0
9984,,,1,1
9985,,,1,1
9991,,,1,0
9994,,,1,0
10000,,,1,0
10001,,,1,1
10004,,,1,0
10009,,,1,0
10010,,,1,0
10016,,,2,0
10017,,,1,0
10018,,,1,0
10025,,,1,1
10028,,,1,0
10029,,,2,1
10030,,,1,0
10031,,,1,1
10034,,,2,0
10037,,,1,0
10039,,,1,0
10040,,,1,1
10044,,,2,1
10045,,,2,1
10054,,,1,1
10058,,,1,0
10059,,,1,0
10060,,,1,0
10061,,,1,0
10064,,,1,0
10066,,,1,1
10067,,,1,0
10069,,,1,0
10071,,,1,0
10072,,,1,0
10073,,,1,0
10074,,,2,0
10075,,,1,1
10076,,,1,0
10077,,,1,1
10081,,,1,0
10082,,,1,0
10084,,,1,0
10085,,,1,0
10087,,,1,0
10089,,,1,1
10090,,,1,0
10091,,,1,1
10092,,,1,0
10093,,,1,0
10098,,,1,0
10099,,,1,0
10105,,,1,0
10106,,,1,0
10107,,,1,0
10110,,,1,0
10112,,,1,0
10113,,,1,0
10115,,,2,0
10117,,,1,0
10118,,,1,0
10119,,,1,0
10120,,,2,1
10121,,,1,0
10124,,,1,0
10127,,,1,0
10130,,,1,0
10137,,,1,0
10138,,,1,0
10139,,,1,1
10140,,,2,1
10141,,,1,0
10142,,,1,0
10143,,,4,0
10144,,,1,0
10147,,,1,0
10149,,,2,1
10150,,,1,0
10151,,,1,1
10152,,,1,1
10156,,,1,0
10159,,,1,0
10164,,,1,0
10169,,,2,1
10171,,,2,0
10172,,,1,1
10173,,,1,1
10174,,,2,0
10175,,,1,1
10176,,,2,0
10177,,,1,1
10179,,,1,1
10186,,,1,0
10187,,,2,0
10191,,,2,0
10192,,,1,0
10194,,,1,0
10195,,,1,1
10201,,,1,1
10202,,,1,0
10203,,,1,0
10204,,,1,0
10206,,,1,0
10207,,,1,0
10208,,,1,0
10209,,,1,0
10210,,,1,0
10212,,,1,0
10213,,,1,0
10214,,,1,0
10215,,,1,0
10217,,,1,0
10218,,,2,0
10220,,,1,0
10222,,,1,0
10223,,,1,0
10226,,,1,0
10229,,,1,0
10231,,,2,0
10236,,,1,0
10241,,,1,0
10243,,,1,0
10247,,,1,0
10249,,,1,0
10258,,,1,1
10259,,,1,0
10283,,,1,0
10289,,,1,0
10290,,,1,0
10296,,,2,1
10299,,,2,1
10304,,,1,0
10305,,,1,1
10308,,,1,1
10310,,,1,0
10323,,,1,0
10334,,,1,1
10338,,,2,0
10342,,,1,0
10344,,,1,0
10348,,,1,1
10349,,,1,0
10350,,,2,0
10351,,,1,1
10358,,,2,0
10360,,,1,0
10361,,,1,0
10364,,,1,0
10367,,,1,0
10368,,,1,0
10369,,,1,1
10371,,,1,0
10372,,,1,0
10375,,,1,0
10376,,,1,0
10378,,,1,0
10380,,,1,0
10381,,,1,0
10382,,,1,0
10383,,,1,0
10384,,,1,0
10393,,,1,0
10394,,,1,0
10399,,,1,0
10401,,,1,0
10402,,,2,1
10406,,,1,0
10409,,,1,0
10410,,,2,1
10411,,,1,0
10413,,,1,0
10415,,,2,0
10416,,,1,1
10419,,,1,0
10421,,,1,0
10427,,,1,0
10428,,,1,0
10432,,,1,0
10434,,,2,1
10436,,,1,0
10439,,,1,0
10441,,,1,0
10443,,,2,0
10444,,,2,1
10445,,,1,0
10446,,,1,1
10448,,,1,0
10456,,,1,0
10466,,,2,0
10468,,,1,0
10471,,,1,0
10485,,,2,1
10487,,,1,0
10488,,,1,0
10489,,,1,0
10490,,,1,0
10492,,,1,0
10496,,,1,0
10498,,,1,1
10499,,,1,0
10500,,,2,1
10502,,,1,0
10503,,,1,0
10505,,,1,1
10506,,,2,1
10511,,,1,1
10515,,,2,1
10516,,,2,1
10517,,,1,1
10518,,,1,1
10519,,,1,0
10520,,,1,1
10521,,,2,0
10522,,,1,0
10524,,,1,0
10525,,,1,0
10527,,,1,0
10529,,,1,0
10533,,,1,1
10534,,,2,0
10535,,,1,0
10536,,,1,1
10537,,,1,1
10540,,,1,1
10541,,,1,0
10543,,,1,1
10545,,,1,0
10548,,,2,1
10551,,,1,1
10552,,,1,0
10554,,,1,0
10555,,,1,1
10560,,,1,0
10561,,,1,1
10562,,,1,0
10563,,,1,0
10564,,,1,0
10566,,,1,0
10568,,,1,1
10570,,,1,0
10571,,,1,1
10573,,,1,0
10574,,,1,0
10576,,,1,0
10578,,,1,0
10581,,,1,1
10583,,,1,0
10584,,,2,0
10585,,,1,0
10587,,,1,0
10590,,,1,1
10591,,,1,0
10592,,,1,0
10593,,,1,0
10596,,,1,0
10599,,,1,0
10601,,,1,0
10603,,,1,0
10606,,,1,1
10607,,,1,0
10608,,,1,1
10611,,,1,0
10612,,,1,1
10613,,,1,0
10615,,,1,0
10616,,,2,0
10620,,,1,0
10622,,,1,0
10625,,,1,1
10626,,,1,1
10627,,,1,0
10628,,,1,0
10631,,,1,0
10632,,,1,0
10640,,,1,0
10641,,,1,1
10647,,,1,1
10651,,,1,0
10655,,,2,0
10656,,,1,0
10657,,,1,0
10667,,,2,2
10677,,,1,1
10681,,,1,0
10682,,,2,0
10691,,,1,0
10692,,,1,0
10695,,,1,1
10700,,,1,0
10702,,,2,1
10712,,,2,0
10721,,,1,0
10722,,,1,1
10723,,,1,0
10724,,,1,1
10732,,,1,1
10735,,,1,0
10736,,,1,0
10737,,,1,0
10739,,,1,0
10741,,,1,0
10743,,,1,0
10744,,,1,0
10745,,,1,0
10747,,,1,0
10748,,,2,0
10749,,,1,0
10750,,,1,0
10751,,,1,0
10752,,,1,0
10753,,,1,0
10755,,,1,1
10759,,,1,0
10760,,,1,0
10764,,,1,0
10765,,,1,0
10766,,,1,0
10767,,,1,0
10768,,,1,0
10769,,,1,1
10770,,,1,0
10772,,,1,0
10774,,,2,0
10775,,,1,0
10777,,,1,0
10779,,,1,0
10780,,,1,0
10782,,,1,0
10784,,,1,0
10789,,,1,0
10790,,,1,1
10795,,,1,1
10798,,,1,0
10799,,,2,0
10800,,,3,1
10805,,,1,0
10808,,,1,1
10815,,,2,0
10821,,,1,0
10824,,,1,0
10825,,,1,0
10826,,,1,0
10827,,,1,0
10832,,,1,1
10833,,,1,0
10834,,,1,0
10835,,,2,0
10837,,,1,0
10839,,,1,0
10840,,,1,0
10842,,,2,0
10844,,,1,0
10850,,,1,0
10851,,,1,1
10852,,,1,0
10853,,,1,0
10854,,,1,0
10855,,,2,1
10859,,,1,0
10862,,,1,0
10863,,,1,0
10866,,,1,0
10867,,,2,1
10869,,,1,0
10871,,,1,0
10873,,,1,0
